303000001,Rusted Bangle
303000002,Ashtar's Cuisine Special
303000003,Follower's Emblem
303000004,[Chamaeleon]
303000005,Spirit Wolf
303000006,Hornet's Will
303000007,Barrette Of Memories
303000008,Nomad's Order
303000009,Fledgling
303000010,Zosma's Peak
303000011,UNNAMED
303000012,Imperial Checkpoint
303000013,Princess' Rune
303000014,Lana's Favorite
303000015,Lucky Star
304000001,Quick Rest
304000002,Sheltan Lovebirds
304000003,Treasure Hunter Melissa
304000004,Sweet Berry
304000005,Iron Mask Of Fury
304000007,Captain Duncan
304000008,Memories Of Marigold
304000009,Flowers To The Heart
304000010,[Cetus]
304000011,Shipboard Warmth
304000012,[Lupus]
304000013,Sleepless Night
304000020,Snow Queen Of The Holy Night
304000021,Hero's Gift
304000022,Alluring Chocolatier
304000023,Happening Memory
304000024,Golden Ambition
304000025,[Hydra]
304000026,Daily Life Within The Walls
304000027,Two Moons
305000001,Aries Knights' Day Off
305000002,Elegance Mademoiselle
305000003,Ennui Midnight
305000004,[Leo]
305000005,[Aries]
305000006,[Gemini]
305000007,[Scorpio]
305000008,Memory Of The Starlit Sky
305000009,Beautiful Rosalinde
305000010,Indivisible
305000011,Crossing The Storm
305000012,Rappy's Gathering Place
305000013,Perfect Morning
305000014,The Prince' Solitude
305000015,The Black Scorpion's Plan
305000016,The Lion Sharpening His Fangs
305000018,Naughty Santa Of The Holy Night
305000019,Red-Cheeked Reindeer
305000020,New Year's Furisode Belle
305000021,Stylish Wolf Maiden
305000022,Theseus' Necklace
305000023,Sweet Pure Heart
305000024,The Sweet-Tooth's Baking Operation
305000025,[Virgo]
305000026,Karin And Tyrol's Harvest Festival
305000027,Starry Sky Watcher
305000028,Aries Knight's Slumber
305000029,[Sagittarius]
305000030,Secret Garden
305000031,Under The Aries Knight's Flag
305000033,Clothes Make The Boss
305000034,Hero's Regalia
305000036,Young Reiner's Troubles
305000037,Stars:EPISODE 6
305000038,Puyo Puyo eSports
305000039,Aries' Corps Medal
305000040,Goddess Of The Battlefield
305000041,Brains Of The Survey Corps
305000042,Aries Knight's PR Officer Popona
305000043,[Titan]
305000044,Wings Of Freedom
305000045,Queen's Coronation
305000046,Team Sonic Racing
305000047,Thow It All Away
305000048,Bursting Smile Of Summer
305000050,Negligee Princess
305000051,Beautiful Witch Of The Shore
305000052,Beach Diva
305000053,Midsummer's T-Shirt Captain
305000054,Neville's Fountain Pen
305000055,Memory Of Gunpowder Smoke
305000056,EPISODE ORACLE
305000057,The Silent ARKS Recruit Ash
305000058,The Girl Who Lost Her Memories Matoi
305000059,In Search Of Omniscience Luther
305000060,Halloween Bunny
305000062,Sweet Anniversary
305000063,Memory Of Carol
305000064,Good Fortune And Happiness Will Come To Chaos
306000001,Aries Knight's Finery
306000002,Princess Of Revelry
306000003,Humanity's Strongest Janitor
306000004,Pure Maiden
306000005,Princess Of The Revolution
306000006,Diva's Memories
306000007,Lynx Assassin
306000008,Boss' Summer Vacation
306000009,Princess' Swimsuit Change
306000010,Fresh Summer Days
306000011,Storyteller Of Alph Lyla
306000012,Fluffy Lillimo
306000013,Affectionate Maiden
306000014,Resolve To Fight
306000015,[Leo] Royal Leo
306000016,Lovely Prowler
306000017,Happy Halloween Night
306000018,Popona's Thanksgiving
306000019,[Libra]
306000020,Starry Decorate
306000021,Diva's New Year
306000022,Holy Night's Gift
306000023,Furisode Fraulein
306000024,[Polaris]